<?xml version="1.0" encoding="utf-8"?>
<extension version="3.1" type="module" method="upgrade" client="site">
  <name>Modul BIS</name>
  <author>Milan Zink</author>
  <creationDate>12/2014</creationDate>
  <copyright> </copyright>
  <license>GNU - general public license</license>
  <authorEmail>zeten30@gmail.com</authorEmail>
  <version>1.0.0</version>
  <description>MOD_BIS_XML_DESC</description>

  <files>
    <filename module="mod_bis">mod_bis.php</filename>
    <filename module="mod_bis">index.html</filename>
    <filename module="mod_bis">helper.php</filename>
    <folder module="mod_bis">tmpl</folder>
    <folder module="mod_bis">css</folder>
    <folder module="mod_bis">js</folder>
  </files>
  
  <languages>
    <language tag="cs-CZ">cs-CZ.mod_bis.ini</language>
    <language tag="cs-CZ">cs-CZ.mod_bis.sys.ini</language>
    <language tag="en-GB">en-GB.mod_bis.ini</language>
    <language tag="en-GB">en-GB.mod_bis.sys.ini</language>
  </languages>

  <config>
    <fields name="params">

      <fieldset name="basic">
        <field
          name="show-type" type="list" default="all" 
          label="MOD_BIS_SHOW_LBL"
          description="MOD_BIS_SHOW_DESC"> 
          <option value="tab">MOD_BIS_TABVIEW</option>
          <option value="all">MOD_BIS_ALL_ACTIONS</option>
          <option value="vik">MOD_BIS_ONLY_VIK</option>
          <option value="tabor">MOD_BIS_ONLY_CAMP</option>
          <option value="klub">MOD_BIS_ONLY_CLUBS</option>
          <option value="ekostan">MOD_BIS_ONLY_EKO</option>
          <option value="vikeko">MOD_BIS_ONLY_VIKEKO</option>
          <option value="custom">MOD_BIS_CUST_QUERY</option>
        </field>
        <field name="custom-query" type="text" default="query=akce"
               label="MOD_BIS_CUST_QUERY_LBL"
               description="MOD_BIS_CUST_QUERY_DESC" />
        <field name="limit-count" type="text" default="5"
               label="MOD_BIS_LIMIT_TO_LBL"
               description="MOD_BIS_LIMIT_TO_DESC" />
        <field name="random-sort" type="list" default="0"
               label="MOD_BIS_RANDOM_SORT_LBL" 
               description="MOD_BIS_RANDOM_SORT_DESC">
          <option value="0">MOD_BIS_NO</option>
          <option value="1">MOD_BIS_YES</option>
        </field>
        <field name="only-year" type="text" default=""
               label="MOD_BIS_ONLY_YEAR_LBL"
               description="MOD_BIS_ONLY_YEAR_DESC" />
        <field name="only-program" type="list" default=""
               label="MOD_BIS_ONLY_PROGRAM_LBL"
               description="MOD_BIS_ONLY_PROGRAM_DESC">
          <option value=""></option>
          <option value="ap">MOD_BIS_AP</option>
          <option value="pamatky">MOD_BIS_APAM</option>
          <option value="ekostan">MOD_BIS_EKOSTAN</option>
          <option value="brdo">MOD_BIS_BRDO</option>
          <option value="psb">MOD_BIS_PSB</option>
          <option value="vzdelavani">MOD_BIS_EDU</option>
        </field>
        <field name="show-custom-header" type="list" default="0"
               label="MOD_BIS_SHOW_CUSTOM_HEADER_LBL" 
               description="MOD_BIS_SHOW_CUSTOM_HEADER_DESC">
          <option value="0">MOD_BIS_NO</option>
          <option value="1">MOD_BIS_YES</option>
        </field>
        <field name="custom-header-text" type="text" default="Nejbliží akce"
               label="MOD_BIS_CUSTOM_HEADER_LBL"
               description="MOD_BIS_CUSTOM_HEADER_DESC"/>
        <field name="custom-header-link" type="text" default="kalendar-akci"
               label="MOD_BIS_CUSTOM_HEADER_LINK_LBL"
               description="MOD_BIS_CUSTOM_HEADER_LINK_DESC"/>
        <field name="custom-header-level" type="list" default="h3"
               label="MOD_BIS_CUSTOM_HEADER_LEVEL_LBL" 
               description="MOD_BIS_CUSTOM_HEADER_LEVEL_DESC">
          <option value="h1">h1</option>
          <option value="h2">h2</option>
          <option value="h3">h3</option>
          <option value="h4">h4</option>
          <option value="h5">h5</option>
          <option value="h6">h6</option>
          <option value="h7">h7</option>
        </field>
      </fieldset>

      <fieldset name="advanced">
        <field name="show-calendar-link" type="list" default="0"
               label="MOD_BIS_SHOW_CALENDAR_LINK_LBL" 
               description="MOD_BIS_SHOW_CALENDAR_LINK_DESC">
          <option value="0">MOD_BIS_NO</option>
          <option value="1">MOD_BIS_YES</option>
        </field>
        <field name="calendar-link" type="text" default="Kalendář všech akcí"
               label="MOD_BIS_CALENDAR_LINK_LBL"
               description="MOD_BIS_CALENDAR_LINK_DESC"/>
        <field name="calendar-link-link" type="text" default="kalendar-akci"
               label="MOD_BIS_CALENDAR_LINK_LINK_LBL"
               description="MOD_BIS_CALENDAR_LINK_LINK_DESC"/>
        <field name="calendar-link-position" type="list" default="bottom"
               label="MOD_BIS_CALENDAR_LINK_POSITION_LBL" 
               description="MOD_BIS_CALENDAR_LINK_POSITION_DESC">
          <option value="bottom">MOD_BIS_BOTTOM</option>
          <option value="up">MOD_BIS_UP</option>
        </field>
        <field name="detail-url" type="text" default="kalendar-akci/detail/"
               label="MOD_BIS_URL_DETAIL_LBL"
               description="MOD_BIS_URL_DETAIL_DESC"/>
        <field name="detail-url-vik" type="text" default=""
               label="MOD_BIS_URL_VIK_LBL"
               description="MOD_BIS_URL_VIK_DESC"/>
        <field name="detail-url-tabor" type="text" default=""
               label="MOD_BIS_URL_CAMP_LBL"
               description="MOD_BIS_URL_CAMP_DESC"/>
        <field name="detail-url-klub" type="text" default=""
               label="MOD_BIS_URL_CLUB_LBL"
               description="MOD_BIS_URL_CLUB_DESC"/>
        <field name="detail-url-eko" type="text" default=""
               label="MOD_BIS_URL_EKO_LBL"
               description="MOD_BIS_URL_EKO_DESC"/>
        <field name="detail-url-vikeko" type="text" default=""
               label="MOD_BIS_URL_VIKEKO_LBL"
               description="MOD_BIS_URL_VIKEKO_DESC"/>
      </fieldset>

      <fieldset name="tab_properties" label="MOD_BIS_TABPROP" desctiption="MOD_BIS_TABPROP_DESC">
        <field name="show-camp-tab" type="list" default="1"
               label="MOD_BIS_TAB_CAMP_LBL" 
               description="MOD_BIS_TAB_CAMP_DESC">
          <option value="0">MOD_BIS_HIDE</option>
          <option value="1">1.</option>
          <option value="2">2.</option>
          <option value="3">3.</option>
        </field>
        <field name="show-vik-tab" type="list" default="2"
               label="MOD_BIS_TAB_VIK_LBL" 
               description="MOD_BIS_TAB_VIK_DESC">
          <option value="0">MOD_BIS_HIDE</option>
          <option value="1">1.</option>
          <option value="2">2.</option>
          <option value="3">3.</option>
        </field>
        <field name="show-vikeko-tab" type="list" default="0"
               label="MOD_BIS_TAB_VIKEKO_LBL" 
               description="MOD_BIS_TAB_VIKEKO_DESC">
          <option value="0">MOD_BIS_HIDE</option>
          <option value="1">1.</option>
          <option value="2">2.</option>
          <option value="3">3.</option>
        </field>
        <field name="show-eko-tab" type="list" default="0"
               label="MOD_BIS_TAB_EKO_LBL" 
               description="MOD_BIS_TAB_EKO_DESC">
          <option value="0">MOD_BIS_HIDE</option>
          <option value="1">1.</option>
          <option value="2">2.</option>
          <option value="3">3.</option>
        </field>
        <field name="show-club-tab" type="list" default="3"
               label="MOD_BIS_TAB_CLUB_LBL" 
               description="MOD_BIS_TAB_CLUB_DESC">
          <option value="0">MOD_BIS_HIDE</option>
          <option value="1">1.</option>
          <option value="2">2.</option>
          <option value="3">3.</option>
        </field>
      </fieldset>

      <fieldset name="view_style" label="MOD_BIS_TL" desctiption="MOD_BIS_TL_DESC">
        <field name="css_class" type="text" default="mod_bis"
               label="MOD_BIS_CSS_CLASS_LBL" 
               description="MOD_BIS_CSS_CLASS_DESC" />
        <field name="tpl-head" type="textarea" default="&lt;ul&gt;"
               label="MOD_BIS_HEAD_LBL" 
               description="MOD_BIS_HEAD_DESC"
               rows="5" cols="40" filter="raw" />
        <field name="tpl-item" type="textarea"
               default='
&lt;li&gt;
&lt;div&gt;
&lt;strong&gt;##od_do_plg_bis##&lt;/strong&gt;
&lt;/div&gt;
&lt;a href="##link_detail_plg_bis##"&gt;##nazev##&lt;/a&gt;
&lt;/li&gt;
        ' label="MOD_BIS_ACTION_LBL"
               description="MOD_BIS_ACTION_DESC"
               rows="7" cols="40" filter="raw" />
        <field name="tpl-foot" type="textarea" default="&lt;/ul&gt;"
               label="MOD_BIS_FOOT_LBL" 
               description="MOD_BIS_FOOT_DESC" 
               rows="5" cols="40" filter="raw" />
      </fieldset>

    </fields>
  </config>

</extension>
